{"ProT": {"min": -35.27, "max": 9.26, "mean": -6.797539434702539, "std": 3.9908852307995493, "method": "robust", "median": -7.18, "percentile_range": 18.2867}, "Roll": {"min": -19.9, "max": 16.74, "mean": -0.5018712159791773, "std": 3.7652038738372857, "method": "robust", "median": -1.45, "percentile_range": 16.71}, "Buckle": {"min": -53.66, "max": 53.66, "method": "robust", "mean": 9.102957620435265e-18, "std": 4.434051738350997, "median": 0.0, "percentile_range": 19.21339999999998}, "HelT": {"min": -2.26, "max": 44.8, "mean": 34.35988202342557, "std": 1.7859284058148794, "method": "robust", "median": 34.49, "percentile_range": 6.91}, "Shear": {"min": -1.24, "max": 1.24, "mean": 0.0, "std": 0.21350787184077646, "method": "robust", "median": 0.0, "percentile_range": 0.66}, "Tilt": {"min": -19.54, "max": 19.54, "mean": 4.8245984434568e-18, "std": 1.4231056961195274, "method": "robust", "median": 0.0, "percentile_range": 5.42}, "Slide": {"min": -2.38, "max": 1.68, "mean": -1.5369620324789228, "std": 0.24067666773048138, "method": "robust", "median": -1.54, "percentile_range": 1.0599999999999998}, "Shift": {"min": -2.27, "max": 2.27, "mean": 4.0204987028806667e-19, "std": 0.22387370010627808, "method": "robust", "median": 0.0, "percentile_range": 1.0}, "Rise": {"min": 1.36, "max": 4.48, "mean": 3.3636513325411643, "std": 0.14037240595218406, "method": "robust", "median": 3.37, "percentile_range": 0.5800000000000001}, "Stretch": {"min": -2.21, "max": 0.57, "mean": -0.024233859129367177, "std": 0.028817442686172562, "method": "robust", "median": -0.03, "percentile_range": 0.09669999999998254}, "Stagger": {"min": -4.24, "max": 1.41, "mean": -0.03942669549203299, "std": 0.13204870837129684, "method": "robust", "median": -0.03, "percentile_range": 0.51}, "Opening": {"min": -16.38, "max": 9.1, "mean": -0.19386126457949665, "std": 0.8157472374566701, "method": "robust", "median": 0.19, "percentile_range": 2.93}, "EP": {"min": -142.2847, "max": 189.16, "mean": -6.782113572103729, "std": 6.022025377651401, "method": "standard", "median": -7.17, "percentile_range": 27.92035}, "MGW": {"min": 1.01, "max": 6.913333333333334, "mean": 4.982309040189524, "std": 0.6352871842196891, "method": "robust", "median": 5.01, "percentile_range": 3.116666666666667}, "ProT-FL": {"min": 4.86, "max": 169.8, "mean": 6.559122051186512, "std": 5.918176509467125, "median": 5.85, "percentile_range": 9.31, "method": "robust"}, "Shift-FL": {"min": 0.19, "max": 1.73, "mean": 0.47669806900293477, "std": 0.0667023226253512, "median": 0.48, "percentile_range": 0.32999999999999996, "method": "robust"}, "Slide-FL": {"min": 0.1, "max": 1.96, "mean": 0.42525487681570445, "std": 0.05894555690495868, "median": 0.42, "percentile_range": 0.26999999999999996, "method": "robust"}, "Rise-FL": {"min": 0.05, "max": 2.34, "mean": 0.2780697427803398, "std": 0.05655328599108093, "median": 0.27, "percentile_range": 0.21999999999999997, "method": "robust"}, "Tilt-FL": {"min": 1.93, "max": 35.59, "mean": 3.4087913388739546, "std": 0.4497462426105603, "median": 3.34, "percentile_range": 1.7599999999999998, "method": "robust"}, "Roll-FL": {"min": 1.51, "max": 29.63, "mean": 5.2340109497151595, "std": 1.0979510134810668, "median": 5.02, "percentile_range": 4.629999999999999, "method": "robust"}, "HelT-FL": {"min": 1.62, "max": 49.83, "mean": 3.800106784384326, "std": 0.6095502291461872, "median": 3.79, "percentile_range": 1.8700000000000006, "method": "robust"}, "Shear-FL": {"min": 0.17, "max": 3.07, "mean": 0.2537409468806036, "std": 0.08391295267245921, "median": 0.25, "percentile_range": 0.10999999999999999, "method": "robust"}, "Stretch-FL": {"min": 0.08, "max": 3.53, "mean": 0.1274697841224005, "std": 0.06712241710568438, "median": 0.12, "percentile_range": 0.13, "method": "robust"}, "Buckle-FL": {"min": 4.48, "max": 153.93, "mean": 8.240416851028154, "std": 4.820329155400036, "median": 7.72, "percentile_range": 7.74, "method": "robust"}, "Opening-FL": {"min": 1.58, "max": 137.75, "mean": 3.417052700216576, "std": 5.1468003686141435, "median": 3.47, "percentile_range": 8.28, "method": "robust"}, "MGW-FL": {"min": 0.0, "max": 5.71, "mean": 1.0643126206914797, "std": 0.304793577300888, "median": 1.03, "percentile_range": 2.08, "method": "robust"}, "Stagger-FL": {"min": 0.17, "max": 2.14, "mean": 0.3190100370275495, "std": 0.065081007372701, "median": 0.32, "percentile_range": 0.2, "method": "robust"}}